{
"meta":{"test_sets":[],"test_metrics":[],"learn_metrics":[{"best_value":"Min","name":"MultiClass"}],"launch_mode":"Train","parameters":"","iteration_count":100,"learn_sets":["learn"],"name":"experiment"},
"iterations":[
{"learn":[1.027897169],"iteration":0,"passed_time":0.03815430641,"remaining_time":3.777276335},
{"learn":[0.9727138959],"iteration":1,"passed_time":0.07779129427,"remaining_time":3.811773419},
{"learn":[0.9282224999],"iteration":2,"passed_time":0.112968156,"remaining_time":3.652637045},
{"learn":[0.8909574731],"iteration":3,"passed_time":0.1550781099,"remaining_time":3.721874638},
{"learn":[0.8605520322],"iteration":4,"passed_time":0.1952618212,"remaining_time":3.709974602},
{"learn":[0.8353437165],"iteration":5,"passed_time":0.2224755288,"remaining_time":3.485449952},
{"learn":[0.8129561759],"iteration":6,"passed_time":0.2477024974,"remaining_time":3.290904609},
{"learn":[0.7943466675],"iteration":7,"passed_time":0.27385808,"remaining_time":3.14936792},
{"learn":[0.7784612789],"iteration":8,"passed_time":0.3012263886,"remaining_time":3.045733485},
{"learn":[0.76465921],"iteration":9,"passed_time":0.3281144958,"remaining_time":2.953030463},
{"learn":[0.7527508377],"iteration":10,"passed_time":0.3576738451,"remaining_time":2.893906565},
{"learn":[0.7425556682],"iteration":11,"passed_time":0.3830994465,"remaining_time":2.809395941},
{"learn":[0.7331183227],"iteration":12,"passed_time":0.4071872416,"remaining_time":2.725022309},
{"learn":[0.7248417298],"iteration":13,"passed_time":0.4443898352,"remaining_time":2.729823273},
{"learn":[0.717601099],"iteration":14,"passed_time":0.4702409133,"remaining_time":2.664698508},
{"learn":[0.7115106737],"iteration":15,"passed_time":0.4952400771,"remaining_time":2.600010405},
{"learn":[0.7060806721],"iteration":16,"passed_time":0.5214083656,"remaining_time":2.545699667},
{"learn":[0.70171086],"iteration":17,"passed_time":0.5487710277,"remaining_time":2.499956904},
{"learn":[0.6975836336],"iteration":18,"passed_time":0.591975741,"remaining_time":2.523686054},
{"learn":[0.6939882769],"iteration":19,"passed_time":0.6213757235,"remaining_time":2.485502894},
{"learn":[0.6906591616],"iteration":20,"passed_time":0.6564434522,"remaining_time":2.469477749},
{"learn":[0.6876090821],"iteration":21,"passed_time":0.6878679448,"remaining_time":2.438804532},
{"learn":[0.6852635582],"iteration":22,"passed_time":0.7122819291,"remaining_time":2.384596024},
{"learn":[0.6830218674],"iteration":23,"passed_time":0.7420704772,"remaining_time":2.349889845},
{"learn":[0.6814872952],"iteration":24,"passed_time":0.7664036036,"remaining_time":2.299210811},
{"learn":[0.6795446101],"iteration":25,"passed_time":0.7970125489,"remaining_time":2.268420332},
{"learn":[0.677918073],"iteration":26,"passed_time":0.8265592242,"remaining_time":2.234771236},
{"learn":[0.6767995611],"iteration":27,"passed_time":0.8522725909,"remaining_time":2.191558091},
{"learn":[0.6754684599],"iteration":28,"passed_time":0.8782369522,"remaining_time":2.150166331},
{"learn":[0.6741963728],"iteration":29,"passed_time":0.9043862974,"remaining_time":2.110234694},
{"learn":[0.6729950875],"iteration":30,"passed_time":0.9284334449,"remaining_time":2.066513152},
{"learn":[0.6720087659],"iteration":31,"passed_time":0.9524936721,"remaining_time":2.024049053},
{"learn":[0.6713733277],"iteration":32,"passed_time":0.9766369606,"remaining_time":1.982868981},
{"learn":[0.6705036311],"iteration":33,"passed_time":1.003107531,"remaining_time":1.947208736},
{"learn":[0.6699092871],"iteration":34,"passed_time":1.027018263,"remaining_time":1.907319632},
{"learn":[0.6694102824],"iteration":35,"passed_time":1.048692413,"remaining_time":1.864342068},
{"learn":[0.6686889799],"iteration":36,"passed_time":1.074923003,"remaining_time":1.830274303},
{"learn":[0.6680858856],"iteration":37,"passed_time":1.101448386,"remaining_time":1.797099998},
{"learn":[0.6673917371],"iteration":38,"passed_time":1.124993132,"remaining_time":1.759604642},
{"learn":[0.6670153638],"iteration":39,"passed_time":1.148936741,"remaining_time":1.723405112},
{"learn":[0.6662727856],"iteration":40,"passed_time":1.175388445,"remaining_time":1.691412641},
{"learn":[0.6655798057],"iteration":41,"passed_time":1.201278004,"remaining_time":1.65890772},
{"learn":[0.6652074281],"iteration":42,"passed_time":1.223089605,"remaining_time":1.621304825},
{"learn":[0.6648144647],"iteration":43,"passed_time":1.246452762,"remaining_time":1.586394424},
{"learn":[0.6642291673],"iteration":44,"passed_time":1.272485161,"remaining_time":1.555259641},
{"learn":[0.6637046212],"iteration":45,"passed_time":1.296858026,"remaining_time":1.522398552},
{"learn":[0.6633199672],"iteration":46,"passed_time":1.322439374,"remaining_time":1.491261422},
{"learn":[0.6628063149],"iteration":47,"passed_time":1.347944138,"remaining_time":1.460272816},
{"learn":[0.6623729561],"iteration":48,"passed_time":1.3825392,"remaining_time":1.438969371},
{"learn":[0.6619100995],"iteration":49,"passed_time":1.414076396,"remaining_time":1.414076396},
{"learn":[0.6615613441],"iteration":50,"passed_time":1.439909248,"remaining_time":1.383442219},
{"learn":[0.6608544905],"iteration":51,"passed_time":1.467800296,"remaining_time":1.354892581},
{"learn":[0.6606077306],"iteration":52,"passed_time":1.491037307,"remaining_time":1.32224063},
{"learn":[0.6602039703],"iteration":53,"passed_time":1.516442628,"remaining_time":1.291784461},
{"learn":[0.6599196366],"iteration":54,"passed_time":1.542440666,"remaining_time":1.261996909},
{"learn":[0.6595691028],"iteration":55,"passed_time":1.583850153,"remaining_time":1.244453692},
{"learn":[0.6592609507],"iteration":56,"passed_time":1.61285351,"remaining_time":1.216714051},
{"learn":[0.6588945962],"iteration":57,"passed_time":1.642042875,"remaining_time":1.18906553},
{"learn":[0.6586966426],"iteration":58,"passed_time":1.669373102,"remaining_time":1.160072834},
{"learn":[0.6584747023],"iteration":59,"passed_time":1.698069006,"remaining_time":1.132046004},
{"learn":[0.6582054507],"iteration":60,"passed_time":1.722649738,"remaining_time":1.101366226},
{"learn":[0.657793998],"iteration":61,"passed_time":1.753638305,"remaining_time":1.074810574},
{"learn":[0.6575349235],"iteration":62,"passed_time":1.779539973,"remaining_time":1.045126651},
{"learn":[0.6572525405],"iteration":63,"passed_time":1.805948773,"remaining_time":1.015846185},
{"learn":[0.656975192],"iteration":64,"passed_time":1.828099784,"remaining_time":0.984361422},
{"learn":[0.6567355753],"iteration":65,"passed_time":1.854904771,"remaining_time":0.9555570031},
{"learn":[0.6563084332],"iteration":66,"passed_time":1.880800427,"remaining_time":0.9263643893},
{"learn":[0.6559973188],"iteration":67,"passed_time":1.915014708,"remaining_time":0.9011833918},
{"learn":[0.6556498881],"iteration":68,"passed_time":1.942214556,"remaining_time":0.8725891485},
{"learn":[0.655229817],"iteration":69,"passed_time":1.967052067,"remaining_time":0.8430223145},
{"learn":[0.655074067],"iteration":70,"passed_time":1.992897095,"remaining_time":0.8140002219},
{"learn":[0.6547712735],"iteration":71,"passed_time":2.017670645,"remaining_time":0.7846496952},
{"learn":[0.6544580573],"iteration":72,"passed_time":2.042633454,"remaining_time":0.7554945651},
{"learn":[0.6539091979],"iteration":73,"passed_time":2.073026176,"remaining_time":0.7283605484},
{"learn":[0.6536814642],"iteration":74,"passed_time":2.09894548,"remaining_time":0.6996484932},
{"learn":[0.6534251312],"iteration":75,"passed_time":2.127338596,"remaining_time":0.6717911356},
{"learn":[0.6531932867],"iteration":76,"passed_time":2.155834188,"remaining_time":0.6439504716},
{"learn":[0.6529154143],"iteration":77,"passed_time":2.180836679,"remaining_time":0.6151077812},
{"learn":[0.6525528396],"iteration":78,"passed_time":2.201882898,"remaining_time":0.5853106438},
{"learn":[0.6521756659],"iteration":79,"passed_time":2.227588708,"remaining_time":0.556897177},
{"learn":[0.6519569704],"iteration":80,"passed_time":2.251268592,"remaining_time":0.5280753487},
{"learn":[0.65175816],"iteration":81,"passed_time":2.273782384,"remaining_time":0.4991229623},
{"learn":[0.6514332933],"iteration":82,"passed_time":2.297791282,"remaining_time":0.4706319494},
{"learn":[0.6510545217],"iteration":83,"passed_time":2.320936396,"remaining_time":0.4420831231},
{"learn":[0.6508424451],"iteration":84,"passed_time":2.344291757,"remaining_time":0.4136985453},
{"learn":[0.650668831],"iteration":85,"passed_time":2.371017065,"remaining_time":0.3859795222},
{"learn":[0.6503395383],"iteration":86,"passed_time":2.399720368,"remaining_time":0.3585789056},
{"learn":[0.6501611754],"iteration":87,"passed_time":2.422862899,"remaining_time":0.3303903953},
{"learn":[0.6497640513],"iteration":88,"passed_time":2.4509139,"remaining_time":0.3029219427},
{"learn":[0.6495365073],"iteration":89,"passed_time":2.47683393,"remaining_time":0.27520377},
{"learn":[0.6492265415],"iteration":90,"passed_time":2.503210877,"remaining_time":0.2475703065},
{"learn":[0.6490268835],"iteration":91,"passed_time":2.526843742,"remaining_time":0.2197255428},
{"learn":[0.6487339289],"iteration":92,"passed_time":2.551785203,"remaining_time":0.192069854},
{"learn":[0.648388755],"iteration":93,"passed_time":2.57757768,"remaining_time":0.1645262349},
{"learn":[0.6479752739],"iteration":94,"passed_time":2.605217329,"remaining_time":0.1371167015},
{"learn":[0.6477326095],"iteration":95,"passed_time":2.631839784,"remaining_time":0.109659991},
{"learn":[0.6475513097],"iteration":96,"passed_time":2.657512199,"remaining_time":0.08219109894},
{"learn":[0.6473612928],"iteration":97,"passed_time":2.684313334,"remaining_time":0.05478190478},
{"learn":[0.6472451208],"iteration":98,"passed_time":2.706910225,"remaining_time":0.02734252752},
{"learn":[0.6470170093],"iteration":99,"passed_time":2.735584537,"remaining_time":0}
]}